filepath,label,group
ApplyEyeMakeup/v_ApplyEyeMakeup_g04_c01.avi,0,04
ApplyEyeMakeup/v_ApplyEyeMakeup_g04_c02.avi,0,04
ApplyEyeMakeup/v_ApplyEyeMakeup_g04_c03.avi,0,04
ApplyEyeMakeup/v_ApplyEyeMakeup_g04_c04.avi,0,04
ApplyEyeMakeup/v_ApplyEyeMakeup_g04_c05.avi,0,04
ApplyEyeMakeup/v_ApplyEyeMakeup_g04_c06.avi,0,04
ApplyEyeMakeup/v_ApplyEyeMakeup_g04_c07.avi,0,04
ApplyEyeMakeup/v_ApplyEyeMakeup_g05_c01.avi,0,05
ApplyEyeMakeup/v_ApplyEyeMakeup_g05_c02.avi,0,05
ApplyEyeMakeup/v_ApplyEyeMakeup_g05_c03.avi,0,05
ApplyEyeMakeup/v_ApplyEyeMakeup_g05_c04.avi,0,05
ApplyEyeMakeup/v_ApplyEyeMakeup_g05_c05.avi,0,05
ApplyEyeMakeup/v_ApplyEyeMakeup_g05_c06.avi,0,05
ApplyEyeMakeup/v_ApplyEyeMakeup_g05_c07.avi,0,05
ApplyEyeMakeup/v_ApplyEyeMakeup_g06_c01.avi,0,06
ApplyEyeMakeup/v_ApplyEyeMakeup_g06_c02.avi,0,06
ApplyEyeMakeup/v_ApplyEyeMakeup_g06_c03.avi,0,06
ApplyEyeMakeup/v_ApplyEyeMakeup_g06_c04.avi,0,06
ApplyEyeMakeup/v_ApplyEyeMakeup_g06_c05.avi,0,06
ApplyEyeMakeup/v_ApplyEyeMakeup_g06_c06.avi,0,06
ApplyEyeMakeup/v_ApplyEyeMakeup_g06_c07.avi,0,06
ApplyEyeMakeup/v_ApplyEyeMakeup_g07_c01.avi,0,07
ApplyEyeMakeup/v_ApplyEyeMakeup_g07_c02.avi,0,07
ApplyEyeMakeup/v_ApplyEyeMakeup_g07_c03.avi,0,07
ApplyEyeMakeup/v_ApplyEyeMakeup_g07_c04.avi,0,07
ApplyEyeMakeup/v_ApplyEyeMakeup_g07_c05.avi,0,07
ApplyEyeMakeup/v_ApplyEyeMakeup_g07_c06.avi,0,07
ApplyEyeMakeup/v_ApplyEyeMakeup_g07_c07.avi,0,07
ApplyEyeMakeup/v_ApplyEyeMakeup_g08_c01.avi,0,08
ApplyEyeMakeup/v_ApplyEyeMakeup_g08_c02.avi,0,08
ApplyEyeMakeup/v_ApplyEyeMakeup_g08_c03.avi,0,08
ApplyEyeMakeup/v_ApplyEyeMakeup_g08_c04.avi,0,08
ApplyEyeMakeup/v_ApplyEyeMakeup_g08_c05.avi,0,08
ApplyEyeMakeup/v_ApplyEyeMakeup_g10_c01.avi,0,10
ApplyEyeMakeup/v_ApplyEyeMakeup_g10_c02.avi,0,10
ApplyEyeMakeup/v_ApplyEyeMakeup_g10_c03.avi,0,10
ApplyEyeMakeup/v_ApplyEyeMakeup_g10_c04.avi,0,10
ApplyEyeMakeup/v_ApplyEyeMakeup_g10_c05.avi,0,10
ApplyEyeMakeup/v_ApplyEyeMakeup_g11_c01.avi,0,11
ApplyEyeMakeup/v_ApplyEyeMakeup_g11_c02.avi,0,11
ApplyEyeMakeup/v_ApplyEyeMakeup_g11_c03.avi,0,11
ApplyEyeMakeup/v_ApplyEyeMakeup_g11_c04.avi,0,11
ApplyEyeMakeup/v_ApplyEyeMakeup_g11_c05.avi,0,11
ApplyEyeMakeup/v_ApplyEyeMakeup_g13_c01.avi,0,13
ApplyEyeMakeup/v_ApplyEyeMakeup_g13_c02.avi,0,13
ApplyEyeMakeup/v_ApplyEyeMakeup_g13_c03.avi,0,13
ApplyEyeMakeup/v_ApplyEyeMakeup_g13_c04.avi,0,13
ApplyEyeMakeup/v_ApplyEyeMakeup_g13_c05.avi,0,13
ApplyEyeMakeup/v_ApplyEyeMakeup_g13_c06.avi,0,13
ApplyEyeMakeup/v_ApplyEyeMakeup_g14_c01.avi,0,14
ApplyEyeMakeup/v_ApplyEyeMakeup_g14_c02.avi,0,14
ApplyEyeMakeup/v_ApplyEyeMakeup_g14_c03.avi,0,14
ApplyEyeMakeup/v_ApplyEyeMakeup_g14_c04.avi,0,14
ApplyEyeMakeup/v_ApplyEyeMakeup_g14_c05.avi,0,14
ApplyEyeMakeup/v_ApplyEyeMakeup_g15_c01.avi,0,15
ApplyEyeMakeup/v_ApplyEyeMakeup_g15_c02.avi,0,15
ApplyEyeMakeup/v_ApplyEyeMakeup_g15_c03.avi,0,15
ApplyEyeMakeup/v_ApplyEyeMakeup_g15_c04.avi,0,15
ApplyEyeMakeup/v_ApplyEyeMakeup_g15_c05.avi,0,15
ApplyEyeMakeup/v_ApplyEyeMakeup_g15_c06.avi,0,15
ApplyEyeMakeup/v_ApplyEyeMakeup_g15_c07.avi,0,15
ApplyEyeMakeup/v_ApplyEyeMakeup_g16_c01.avi,0,16
ApplyEyeMakeup/v_ApplyEyeMakeup_g16_c02.avi,0,16
ApplyEyeMakeup/v_ApplyEyeMakeup_g16_c03.avi,0,16
ApplyEyeMakeup/v_ApplyEyeMakeup_g16_c04.avi,0,16
ApplyEyeMakeup/v_ApplyEyeMakeup_g16_c05.avi,0,16
ApplyEyeMakeup/v_ApplyEyeMakeup_g18_c01.avi,0,18
ApplyEyeMakeup/v_ApplyEyeMakeup_g18_c02.avi,0,18
ApplyEyeMakeup/v_ApplyEyeMakeup_g18_c03.avi,0,18
ApplyEyeMakeup/v_ApplyEyeMakeup_g18_c04.avi,0,18
ApplyEyeMakeup/v_ApplyEyeMakeup_g18_c05.avi,0,18
ApplyEyeMakeup/v_ApplyEyeMakeup_g19_c01.avi,0,19
ApplyEyeMakeup/v_ApplyEyeMakeup_g19_c02.avi,0,19
ApplyEyeMakeup/v_ApplyEyeMakeup_g19_c03.avi,0,19
ApplyEyeMakeup/v_ApplyEyeMakeup_g19_c04.avi,0,19
ApplyEyeMakeup/v_ApplyEyeMakeup_g21_c01.avi,0,21
ApplyEyeMakeup/v_ApplyEyeMakeup_g21_c02.avi,0,21
ApplyEyeMakeup/v_ApplyEyeMakeup_g21_c03.avi,0,21
ApplyEyeMakeup/v_ApplyEyeMakeup_g21_c04.avi,0,21
ApplyEyeMakeup/v_ApplyEyeMakeup_g21_c05.avi,0,21
ApplyEyeMakeup/v_ApplyEyeMakeup_g23_c01.avi,0,23
ApplyEyeMakeup/v_ApplyEyeMakeup_g23_c02.avi,0,23
ApplyEyeMakeup/v_ApplyEyeMakeup_g23_c03.avi,0,23
ApplyEyeMakeup/v_ApplyEyeMakeup_g23_c04.avi,0,23
ApplyEyeMakeup/v_ApplyEyeMakeup_g23_c05.avi,0,23
ApplyEyeMakeup/v_ApplyEyeMakeup_g23_c06.avi,0,23
ApplyEyeMakeup/v_ApplyEyeMakeup_g25_c01.avi,0,25
ApplyEyeMakeup/v_ApplyEyeMakeup_g25_c02.avi,0,25
ApplyEyeMakeup/v_ApplyEyeMakeup_g25_c03.avi,0,25
ApplyEyeMakeup/v_ApplyEyeMakeup_g25_c04.avi,0,25
ApplyEyeMakeup/v_ApplyEyeMakeup_g25_c05.avi,0,25
ApplyEyeMakeup/v_ApplyEyeMakeup_g25_c06.avi,0,25
ApplyEyeMakeup/v_ApplyEyeMakeup_g25_c07.avi,0,25
BrushingTeeth/v_BrushingTeeth_g04_c01.avi,1,04
BrushingTeeth/v_BrushingTeeth_g04_c02.avi,1,04
BrushingTeeth/v_BrushingTeeth_g04_c03.avi,1,04
BrushingTeeth/v_BrushingTeeth_g04_c04.avi,1,04
BrushingTeeth/v_BrushingTeeth_g05_c01.avi,1,05
BrushingTeeth/v_BrushingTeeth_g05_c02.avi,1,05
BrushingTeeth/v_BrushingTeeth_g05_c03.avi,1,05
BrushingTeeth/v_BrushingTeeth_g05_c04.avi,1,05
BrushingTeeth/v_BrushingTeeth_g05_c05.avi,1,05
BrushingTeeth/v_BrushingTeeth_g06_c01.avi,1,06
BrushingTeeth/v_BrushingTeeth_g06_c02.avi,1,06
BrushingTeeth/v_BrushingTeeth_g06_c03.avi,1,06
BrushingTeeth/v_BrushingTeeth_g06_c04.avi,1,06
BrushingTeeth/v_BrushingTeeth_g06_c05.avi,1,06
BrushingTeeth/v_BrushingTeeth_g07_c01.avi,1,07
BrushingTeeth/v_BrushingTeeth_g07_c02.avi,1,07
BrushingTeeth/v_BrushingTeeth_g07_c03.avi,1,07
BrushingTeeth/v_BrushingTeeth_g07_c04.avi,1,07
BrushingTeeth/v_BrushingTeeth_g07_c05.avi,1,07
BrushingTeeth/v_BrushingTeeth_g07_c06.avi,1,07
BrushingTeeth/v_BrushingTeeth_g08_c01.avi,1,08
BrushingTeeth/v_BrushingTeeth_g08_c02.avi,1,08
BrushingTeeth/v_BrushingTeeth_g08_c03.avi,1,08
BrushingTeeth/v_BrushingTeeth_g08_c04.avi,1,08
BrushingTeeth/v_BrushingTeeth_g08_c05.avi,1,08
BrushingTeeth/v_BrushingTeeth_g08_c06.avi,1,08
BrushingTeeth/v_BrushingTeeth_g10_c01.avi,1,10
BrushingTeeth/v_BrushingTeeth_g10_c02.avi,1,10
BrushingTeeth/v_BrushingTeeth_g10_c03.avi,1,10
BrushingTeeth/v_BrushingTeeth_g10_c04.avi,1,10
BrushingTeeth/v_BrushingTeeth_g10_c05.avi,1,10
BrushingTeeth/v_BrushingTeeth_g11_c01.avi,1,11
BrushingTeeth/v_BrushingTeeth_g11_c02.avi,1,11
BrushingTeeth/v_BrushingTeeth_g11_c03.avi,1,11
BrushingTeeth/v_BrushingTeeth_g11_c04.avi,1,11
BrushingTeeth/v_BrushingTeeth_g13_c01.avi,1,13
BrushingTeeth/v_BrushingTeeth_g13_c02.avi,1,13
BrushingTeeth/v_BrushingTeeth_g13_c03.avi,1,13
BrushingTeeth/v_BrushingTeeth_g13_c04.avi,1,13
BrushingTeeth/v_BrushingTeeth_g14_c01.avi,1,14
BrushingTeeth/v_BrushingTeeth_g14_c02.avi,1,14
BrushingTeeth/v_BrushingTeeth_g14_c03.avi,1,14
BrushingTeeth/v_BrushingTeeth_g14_c04.avi,1,14
BrushingTeeth/v_BrushingTeeth_g14_c05.avi,1,14
BrushingTeeth/v_BrushingTeeth_g15_c01.avi,1,15
BrushingTeeth/v_BrushingTeeth_g15_c02.avi,1,15
BrushingTeeth/v_BrushingTeeth_g15_c03.avi,1,15
BrushingTeeth/v_BrushingTeeth_g15_c04.avi,1,15
BrushingTeeth/v_BrushingTeeth_g16_c01.avi,1,16
BrushingTeeth/v_BrushingTeeth_g16_c02.avi,1,16
BrushingTeeth/v_BrushingTeeth_g16_c03.avi,1,16
BrushingTeeth/v_BrushingTeeth_g16_c04.avi,1,16
BrushingTeeth/v_BrushingTeeth_g18_c01.avi,1,18
BrushingTeeth/v_BrushingTeeth_g18_c02.avi,1,18
BrushingTeeth/v_BrushingTeeth_g18_c03.avi,1,18
BrushingTeeth/v_BrushingTeeth_g18_c04.avi,1,18
BrushingTeeth/v_BrushingTeeth_g18_c05.avi,1,18
BrushingTeeth/v_BrushingTeeth_g18_c06.avi,1,18
BrushingTeeth/v_BrushingTeeth_g18_c07.avi,1,18
BrushingTeeth/v_BrushingTeeth_g19_c01.avi,1,19
BrushingTeeth/v_BrushingTeeth_g19_c02.avi,1,19
BrushingTeeth/v_BrushingTeeth_g19_c03.avi,1,19
BrushingTeeth/v_BrushingTeeth_g19_c04.avi,1,19
BrushingTeeth/v_BrushingTeeth_g19_c05.avi,1,19
BrushingTeeth/v_BrushingTeeth_g21_c01.avi,1,21
BrushingTeeth/v_BrushingTeeth_g21_c02.avi,1,21
BrushingTeeth/v_BrushingTeeth_g21_c03.avi,1,21
BrushingTeeth/v_BrushingTeeth_g21_c04.avi,1,21
BrushingTeeth/v_BrushingTeeth_g23_c01.avi,1,23
BrushingTeeth/v_BrushingTeeth_g23_c02.avi,1,23
BrushingTeeth/v_BrushingTeeth_g23_c03.avi,1,23
BrushingTeeth/v_BrushingTeeth_g23_c04.avi,1,23
BrushingTeeth/v_BrushingTeeth_g23_c05.avi,1,23
BrushingTeeth/v_BrushingTeeth_g23_c06.avi,1,23
BrushingTeeth/v_BrushingTeeth_g25_c01.avi,1,25
BrushingTeeth/v_BrushingTeeth_g25_c02.avi,1,25
BrushingTeeth/v_BrushingTeeth_g25_c03.avi,1,25
BrushingTeeth/v_BrushingTeeth_g25_c04.avi,1,25
BrushingTeeth/v_BrushingTeeth_g25_c05.avi,1,25
BrushingTeeth/v_BrushingTeeth_g25_c06.avi,1,25
BrushingTeeth/v_BrushingTeeth_g25_c07.avi,1,25
CuttingInKitchen/v_CuttingInKitchen_g04_c01.avi,2,04
CuttingInKitchen/v_CuttingInKitchen_g04_c02.avi,2,04
CuttingInKitchen/v_CuttingInKitchen_g04_c03.avi,2,04
CuttingInKitchen/v_CuttingInKitchen_g04_c04.avi,2,04
CuttingInKitchen/v_CuttingInKitchen_g04_c05.avi,2,04
CuttingInKitchen/v_CuttingInKitchen_g05_c01.avi,2,05
CuttingInKitchen/v_CuttingInKitchen_g05_c02.avi,2,05
CuttingInKitchen/v_CuttingInKitchen_g05_c03.avi,2,05
CuttingInKitchen/v_CuttingInKitchen_g05_c04.avi,2,05
CuttingInKitchen/v_CuttingInKitchen_g05_c05.avi,2,05
CuttingInKitchen/v_CuttingInKitchen_g05_c06.avi,2,05
CuttingInKitchen/v_CuttingInKitchen_g06_c01.avi,2,06
CuttingInKitchen/v_CuttingInKitchen_g06_c02.avi,2,06
CuttingInKitchen/v_CuttingInKitchen_g06_c03.avi,2,06
CuttingInKitchen/v_CuttingInKitchen_g06_c04.avi,2,06
CuttingInKitchen/v_CuttingInKitchen_g06_c05.avi,2,06
CuttingInKitchen/v_CuttingInKitchen_g07_c01.avi,2,07
CuttingInKitchen/v_CuttingInKitchen_g07_c02.avi,2,07
CuttingInKitchen/v_CuttingInKitchen_g07_c03.avi,2,07
CuttingInKitchen/v_CuttingInKitchen_g07_c04.avi,2,07
CuttingInKitchen/v_CuttingInKitchen_g08_c01.avi,2,08
CuttingInKitchen/v_CuttingInKitchen_g08_c02.avi,2,08
CuttingInKitchen/v_CuttingInKitchen_g08_c03.avi,2,08
CuttingInKitchen/v_CuttingInKitchen_g08_c04.avi,2,08
CuttingInKitchen/v_CuttingInKitchen_g10_c01.avi,2,10
CuttingInKitchen/v_CuttingInKitchen_g10_c02.avi,2,10
CuttingInKitchen/v_CuttingInKitchen_g10_c03.avi,2,10
CuttingInKitchen/v_CuttingInKitchen_g10_c04.avi,2,10
CuttingInKitchen/v_CuttingInKitchen_g10_c05.avi,2,10
CuttingInKitchen/v_CuttingInKitchen_g10_c06.avi,2,10
CuttingInKitchen/v_CuttingInKitchen_g10_c07.avi,2,10
CuttingInKitchen/v_CuttingInKitchen_g11_c01.avi,2,11
CuttingInKitchen/v_CuttingInKitchen_g11_c02.avi,2,11
CuttingInKitchen/v_CuttingInKitchen_g11_c03.avi,2,11
CuttingInKitchen/v_CuttingInKitchen_g11_c04.avi,2,11
CuttingInKitchen/v_CuttingInKitchen_g13_c01.avi,2,13
CuttingInKitchen/v_CuttingInKitchen_g13_c02.avi,2,13
CuttingInKitchen/v_CuttingInKitchen_g13_c03.avi,2,13
CuttingInKitchen/v_CuttingInKitchen_g13_c04.avi,2,13
CuttingInKitchen/v_CuttingInKitchen_g14_c01.avi,2,14
CuttingInKitchen/v_CuttingInKitchen_g14_c02.avi,2,14
CuttingInKitchen/v_CuttingInKitchen_g14_c03.avi,2,14
CuttingInKitchen/v_CuttingInKitchen_g14_c04.avi,2,14
CuttingInKitchen/v_CuttingInKitchen_g15_c01.avi,2,15
CuttingInKitchen/v_CuttingInKitchen_g15_c02.avi,2,15
CuttingInKitchen/v_CuttingInKitchen_g15_c03.avi,2,15
CuttingInKitchen/v_CuttingInKitchen_g15_c04.avi,2,15
CuttingInKitchen/v_CuttingInKitchen_g16_c01.avi,2,16
CuttingInKitchen/v_CuttingInKitchen_g16_c02.avi,2,16
CuttingInKitchen/v_CuttingInKitchen_g16_c03.avi,2,16
CuttingInKitchen/v_CuttingInKitchen_g16_c04.avi,2,16
CuttingInKitchen/v_CuttingInKitchen_g18_c01.avi,2,18
CuttingInKitchen/v_CuttingInKitchen_g18_c02.avi,2,18
CuttingInKitchen/v_CuttingInKitchen_g18_c03.avi,2,18
CuttingInKitchen/v_CuttingInKitchen_g18_c04.avi,2,18
CuttingInKitchen/v_CuttingInKitchen_g19_c01.avi,2,19
CuttingInKitchen/v_CuttingInKitchen_g19_c02.avi,2,19
CuttingInKitchen/v_CuttingInKitchen_g19_c03.avi,2,19
CuttingInKitchen/v_CuttingInKitchen_g19_c04.avi,2,19
CuttingInKitchen/v_CuttingInKitchen_g21_c01.avi,2,21
CuttingInKitchen/v_CuttingInKitchen_g21_c02.avi,2,21
CuttingInKitchen/v_CuttingInKitchen_g21_c03.avi,2,21
CuttingInKitchen/v_CuttingInKitchen_g21_c04.avi,2,21
CuttingInKitchen/v_CuttingInKitchen_g23_c01.avi,2,23
CuttingInKitchen/v_CuttingInKitchen_g23_c02.avi,2,23
CuttingInKitchen/v_CuttingInKitchen_g23_c03.avi,2,23
CuttingInKitchen/v_CuttingInKitchen_g23_c04.avi,2,23
CuttingInKitchen/v_CuttingInKitchen_g25_c01.avi,2,25
CuttingInKitchen/v_CuttingInKitchen_g25_c02.avi,2,25
CuttingInKitchen/v_CuttingInKitchen_g25_c03.avi,2,25
CuttingInKitchen/v_CuttingInKitchen_g25_c04.avi,2,25
CuttingInKitchen/v_CuttingInKitchen_g25_c05.avi,2,25
CuttingInKitchen/v_CuttingInKitchen_g25_c06.avi,2,25
BodyWeightSquats/v_BodyWeightSquats_g04_c01.avi,3,04
BodyWeightSquats/v_BodyWeightSquats_g04_c02.avi,3,04
BodyWeightSquats/v_BodyWeightSquats_g04_c03.avi,3,04
BodyWeightSquats/v_BodyWeightSquats_g04_c04.avi,3,04
BodyWeightSquats/v_BodyWeightSquats_g05_c01.avi,3,05
BodyWeightSquats/v_BodyWeightSquats_g05_c02.avi,3,05
BodyWeightSquats/v_BodyWeightSquats_g05_c03.avi,3,05
BodyWeightSquats/v_BodyWeightSquats_g05_c04.avi,3,05
BodyWeightSquats/v_BodyWeightSquats_g06_c01.avi,3,06
BodyWeightSquats/v_BodyWeightSquats_g06_c02.avi,3,06
BodyWeightSquats/v_BodyWeightSquats_g06_c03.avi,3,06
BodyWeightSquats/v_BodyWeightSquats_g06_c04.avi,3,06
BodyWeightSquats/v_BodyWeightSquats_g06_c05.avi,3,06
BodyWeightSquats/v_BodyWeightSquats_g07_c01.avi,3,07
BodyWeightSquats/v_BodyWeightSquats_g07_c02.avi,3,07
BodyWeightSquats/v_BodyWeightSquats_g07_c03.avi,3,07
BodyWeightSquats/v_BodyWeightSquats_g07_c04.avi,3,07
BodyWeightSquats/v_BodyWeightSquats_g08_c01.avi,3,08
BodyWeightSquats/v_BodyWeightSquats_g08_c02.avi,3,08
BodyWeightSquats/v_BodyWeightSquats_g08_c03.avi,3,08
BodyWeightSquats/v_BodyWeightSquats_g08_c04.avi,3,08
BodyWeightSquats/v_BodyWeightSquats_g10_c01.avi,3,10
BodyWeightSquats/v_BodyWeightSquats_g10_c02.avi,3,10
BodyWeightSquats/v_BodyWeightSquats_g10_c03.avi,3,10
BodyWeightSquats/v_BodyWeightSquats_g10_c04.avi,3,10
BodyWeightSquats/v_BodyWeightSquats_g10_c05.avi,3,10
BodyWeightSquats/v_BodyWeightSquats_g11_c01.avi,3,11
BodyWeightSquats/v_BodyWeightSquats_g11_c02.avi,3,11
BodyWeightSquats/v_BodyWeightSquats_g11_c03.avi,3,11
BodyWeightSquats/v_BodyWeightSquats_g11_c04.avi,3,11
BodyWeightSquats/v_BodyWeightSquats_g13_c01.avi,3,13
BodyWeightSquats/v_BodyWeightSquats_g13_c02.avi,3,13
BodyWeightSquats/v_BodyWeightSquats_g13_c03.avi,3,13
BodyWeightSquats/v_BodyWeightSquats_g13_c04.avi,3,13
BodyWeightSquats/v_BodyWeightSquats_g14_c01.avi,3,14
BodyWeightSquats/v_BodyWeightSquats_g14_c02.avi,3,14
BodyWeightSquats/v_BodyWeightSquats_g14_c03.avi,3,14
BodyWeightSquats/v_BodyWeightSquats_g14_c04.avi,3,14
BodyWeightSquats/v_BodyWeightSquats_g15_c01.avi,3,15
BodyWeightSquats/v_BodyWeightSquats_g15_c02.avi,3,15
BodyWeightSquats/v_BodyWeightSquats_g15_c03.avi,3,15
BodyWeightSquats/v_BodyWeightSquats_g15_c04.avi,3,15
BodyWeightSquats/v_BodyWeightSquats_g16_c01.avi,3,16
BodyWeightSquats/v_BodyWeightSquats_g16_c02.avi,3,16
BodyWeightSquats/v_BodyWeightSquats_g16_c03.avi,3,16
BodyWeightSquats/v_BodyWeightSquats_g16_c04.avi,3,16
BodyWeightSquats/v_BodyWeightSquats_g18_c01.avi,3,18
BodyWeightSquats/v_BodyWeightSquats_g18_c02.avi,3,18
BodyWeightSquats/v_BodyWeightSquats_g18_c03.avi,3,18
BodyWeightSquats/v_BodyWeightSquats_g18_c04.avi,3,18
BodyWeightSquats/v_BodyWeightSquats_g19_c01.avi,3,19
BodyWeightSquats/v_BodyWeightSquats_g19_c02.avi,3,19
BodyWeightSquats/v_BodyWeightSquats_g19_c03.avi,3,19
BodyWeightSquats/v_BodyWeightSquats_g19_c04.avi,3,19
BodyWeightSquats/v_BodyWeightSquats_g21_c01.avi,3,21
BodyWeightSquats/v_BodyWeightSquats_g21_c02.avi,3,21
BodyWeightSquats/v_BodyWeightSquats_g21_c03.avi,3,21
BodyWeightSquats/v_BodyWeightSquats_g21_c04.avi,3,21
BodyWeightSquats/v_BodyWeightSquats_g23_c01.avi,3,23
BodyWeightSquats/v_BodyWeightSquats_g23_c02.avi,3,23
BodyWeightSquats/v_BodyWeightSquats_g23_c03.avi,3,23
BodyWeightSquats/v_BodyWeightSquats_g23_c04.avi,3,23
BodyWeightSquats/v_BodyWeightSquats_g25_c01.avi,3,25
BodyWeightSquats/v_BodyWeightSquats_g25_c02.avi,3,25
BodyWeightSquats/v_BodyWeightSquats_g25_c03.avi,3,25
BodyWeightSquats/v_BodyWeightSquats_g25_c04.avi,3,25
BodyWeightSquats/v_BodyWeightSquats_g25_c05.avi,3,25
BodyWeightSquats/v_BodyWeightSquats_g25_c06.avi,3,25
BodyWeightSquats/v_BodyWeightSquats_g25_c07.avi,3,25
JumpingJack/v_JumpingJack_g04_c01.avi,4,04
JumpingJack/v_JumpingJack_g04_c02.avi,4,04
JumpingJack/v_JumpingJack_g04_c03.avi,4,04
JumpingJack/v_JumpingJack_g04_c04.avi,4,04
JumpingJack/v_JumpingJack_g05_c01.avi,4,05
JumpingJack/v_JumpingJack_g05_c02.avi,4,05
JumpingJack/v_JumpingJack_g05_c03.avi,4,05
JumpingJack/v_JumpingJack_g05_c04.avi,4,05
JumpingJack/v_JumpingJack_g05_c05.avi,4,05
JumpingJack/v_JumpingJack_g05_c06.avi,4,05
JumpingJack/v_JumpingJack_g06_c01.avi,4,06
JumpingJack/v_JumpingJack_g06_c02.avi,4,06
JumpingJack/v_JumpingJack_g06_c03.avi,4,06
JumpingJack/v_JumpingJack_g06_c04.avi,4,06
JumpingJack/v_JumpingJack_g06_c05.avi,4,06
JumpingJack/v_JumpingJack_g06_c06.avi,4,06
JumpingJack/v_JumpingJack_g06_c07.avi,4,06
JumpingJack/v_JumpingJack_g07_c01.avi,4,07
JumpingJack/v_JumpingJack_g07_c02.avi,4,07
JumpingJack/v_JumpingJack_g07_c03.avi,4,07
JumpingJack/v_JumpingJack_g07_c04.avi,4,07
JumpingJack/v_JumpingJack_g07_c05.avi,4,07
JumpingJack/v_JumpingJack_g08_c01.avi,4,08
JumpingJack/v_JumpingJack_g08_c02.avi,4,08
JumpingJack/v_JumpingJack_g08_c03.avi,4,08
JumpingJack/v_JumpingJack_g08_c04.avi,4,08
JumpingJack/v_JumpingJack_g10_c01.avi,4,10
JumpingJack/v_JumpingJack_g10_c02.avi,4,10
JumpingJack/v_JumpingJack_g10_c03.avi,4,10
JumpingJack/v_JumpingJack_g10_c04.avi,4,10
JumpingJack/v_JumpingJack_g10_c05.avi,4,10
JumpingJack/v_JumpingJack_g10_c06.avi,4,10
JumpingJack/v_JumpingJack_g11_c01.avi,4,11
JumpingJack/v_JumpingJack_g11_c02.avi,4,11
JumpingJack/v_JumpingJack_g11_c03.avi,4,11
JumpingJack/v_JumpingJack_g11_c04.avi,4,11
JumpingJack/v_JumpingJack_g13_c01.avi,4,13
JumpingJack/v_JumpingJack_g13_c02.avi,4,13
JumpingJack/v_JumpingJack_g13_c03.avi,4,13
JumpingJack/v_JumpingJack_g13_c04.avi,4,13
JumpingJack/v_JumpingJack_g13_c05.avi,4,13
JumpingJack/v_JumpingJack_g13_c06.avi,4,13
JumpingJack/v_JumpingJack_g13_c07.avi,4,13
JumpingJack/v_JumpingJack_g14_c01.avi,4,14
JumpingJack/v_JumpingJack_g14_c02.avi,4,14
JumpingJack/v_JumpingJack_g14_c03.avi,4,14
JumpingJack/v_JumpingJack_g14_c04.avi,4,14
JumpingJack/v_JumpingJack_g15_c01.avi,4,15
JumpingJack/v_JumpingJack_g15_c02.avi,4,15
JumpingJack/v_JumpingJack_g15_c03.avi,4,15
JumpingJack/v_JumpingJack_g15_c04.avi,4,15
JumpingJack/v_JumpingJack_g16_c01.avi,4,16
JumpingJack/v_JumpingJack_g16_c02.avi,4,16
JumpingJack/v_JumpingJack_g16_c03.avi,4,16
JumpingJack/v_JumpingJack_g16_c04.avi,4,16
JumpingJack/v_JumpingJack_g18_c01.avi,4,18
JumpingJack/v_JumpingJack_g18_c02.avi,4,18
JumpingJack/v_JumpingJack_g18_c03.avi,4,18
JumpingJack/v_JumpingJack_g18_c04.avi,4,18
JumpingJack/v_JumpingJack_g19_c01.avi,4,19
JumpingJack/v_JumpingJack_g19_c02.avi,4,19
JumpingJack/v_JumpingJack_g19_c03.avi,4,19
JumpingJack/v_JumpingJack_g19_c04.avi,4,19
JumpingJack/v_JumpingJack_g19_c05.avi,4,19
JumpingJack/v_JumpingJack_g19_c06.avi,4,19
JumpingJack/v_JumpingJack_g19_c07.avi,4,19
JumpingJack/v_JumpingJack_g21_c01.avi,4,21
JumpingJack/v_JumpingJack_g21_c02.avi,4,21
JumpingJack/v_JumpingJack_g21_c03.avi,4,21
JumpingJack/v_JumpingJack_g21_c04.avi,4,21
JumpingJack/v_JumpingJack_g23_c01.avi,4,23
JumpingJack/v_JumpingJack_g23_c02.avi,4,23
JumpingJack/v_JumpingJack_g23_c03.avi,4,23
JumpingJack/v_JumpingJack_g23_c04.avi,4,23
JumpingJack/v_JumpingJack_g25_c01.avi,4,25
JumpingJack/v_JumpingJack_g25_c02.avi,4,25
JumpingJack/v_JumpingJack_g25_c03.avi,4,25
JumpingJack/v_JumpingJack_g25_c04.avi,4,25
JumpingJack/v_JumpingJack_g25_c05.avi,4,25
JumpingJack/v_JumpingJack_g25_c06.avi,4,25
JumpingJack/v_JumpingJack_g25_c07.avi,4,25
PushUps/v_PushUps_g04_c01.avi,5,04
PushUps/v_PushUps_g04_c02.avi,5,04
PushUps/v_PushUps_g04_c03.avi,5,04
PushUps/v_PushUps_g04_c04.avi,5,04
PushUps/v_PushUps_g04_c05.avi,5,04
PushUps/v_PushUps_g05_c01.avi,5,05
PushUps/v_PushUps_g05_c02.avi,5,05
PushUps/v_PushUps_g05_c03.avi,5,05
PushUps/v_PushUps_g05_c04.avi,5,05
PushUps/v_PushUps_g06_c01.avi,5,06
PushUps/v_PushUps_g06_c02.avi,5,06
PushUps/v_PushUps_g06_c03.avi,5,06
PushUps/v_PushUps_g06_c04.avi,5,06
PushUps/v_PushUps_g07_c01.avi,5,07
PushUps/v_PushUps_g07_c02.avi,5,07
PushUps/v_PushUps_g07_c03.avi,5,07
PushUps/v_PushUps_g07_c04.avi,5,07
PushUps/v_PushUps_g08_c01.avi,5,08
PushUps/v_PushUps_g08_c02.avi,5,08
PushUps/v_PushUps_g08_c03.avi,5,08
PushUps/v_PushUps_g08_c04.avi,5,08
PushUps/v_PushUps_g10_c01.avi,5,10
PushUps/v_PushUps_g10_c02.avi,5,10
PushUps/v_PushUps_g10_c03.avi,5,10
PushUps/v_PushUps_g10_c04.avi,5,10
PushUps/v_PushUps_g11_c01.avi,5,11
PushUps/v_PushUps_g11_c02.avi,5,11
PushUps/v_PushUps_g11_c03.avi,5,11
PushUps/v_PushUps_g11_c04.avi,5,11
PushUps/v_PushUps_g13_c01.avi,5,13
PushUps/v_PushUps_g13_c02.avi,5,13
PushUps/v_PushUps_g13_c03.avi,5,13
PushUps/v_PushUps_g13_c04.avi,5,13
PushUps/v_PushUps_g14_c01.avi,5,14
PushUps/v_PushUps_g14_c02.avi,5,14
PushUps/v_PushUps_g14_c03.avi,5,14
PushUps/v_PushUps_g14_c04.avi,5,14
PushUps/v_PushUps_g15_c01.avi,5,15
PushUps/v_PushUps_g15_c02.avi,5,15
PushUps/v_PushUps_g15_c03.avi,5,15
PushUps/v_PushUps_g15_c04.avi,5,15
PushUps/v_PushUps_g16_c01.avi,5,16
PushUps/v_PushUps_g16_c02.avi,5,16
PushUps/v_PushUps_g16_c03.avi,5,16
PushUps/v_PushUps_g16_c04.avi,5,16
PushUps/v_PushUps_g18_c01.avi,5,18
PushUps/v_PushUps_g18_c02.avi,5,18
PushUps/v_PushUps_g18_c03.avi,5,18
PushUps/v_PushUps_g18_c04.avi,5,18
PushUps/v_PushUps_g19_c01.avi,5,19
PushUps/v_PushUps_g19_c02.avi,5,19
PushUps/v_PushUps_g19_c03.avi,5,19
PushUps/v_PushUps_g19_c04.avi,5,19
PushUps/v_PushUps_g21_c01.avi,5,21
PushUps/v_PushUps_g21_c02.avi,5,21
PushUps/v_PushUps_g21_c03.avi,5,21
PushUps/v_PushUps_g21_c04.avi,5,21
PushUps/v_PushUps_g23_c01.avi,5,23
PushUps/v_PushUps_g23_c02.avi,5,23
PushUps/v_PushUps_g23_c03.avi,5,23
PushUps/v_PushUps_g23_c04.avi,5,23
PushUps/v_PushUps_g25_c01.avi,5,25
PushUps/v_PushUps_g25_c02.avi,5,25
PushUps/v_PushUps_g25_c03.avi,5,25
PushUps/v_PushUps_g25_c04.avi,5,25
Haircut/v_Haircut_g04_c01.avi,6,04
Haircut/v_Haircut_g04_c02.avi,6,04
Haircut/v_Haircut_g04_c03.avi,6,04
Haircut/v_Haircut_g04_c04.avi,6,04
Haircut/v_Haircut_g04_c05.avi,6,04
Haircut/v_Haircut_g05_c01.avi,6,05
Haircut/v_Haircut_g05_c02.avi,6,05
Haircut/v_Haircut_g05_c03.avi,6,05
Haircut/v_Haircut_g05_c04.avi,6,05
Haircut/v_Haircut_g06_c01.avi,6,06
Haircut/v_Haircut_g06_c02.avi,6,06
Haircut/v_Haircut_g06_c03.avi,6,06
Haircut/v_Haircut_g06_c04.avi,6,06
Haircut/v_Haircut_g07_c01.avi,6,07
Haircut/v_Haircut_g07_c02.avi,6,07
Haircut/v_Haircut_g07_c03.avi,6,07
Haircut/v_Haircut_g07_c04.avi,6,07
Haircut/v_Haircut_g07_c05.avi,6,07
Haircut/v_Haircut_g07_c06.avi,6,07
Haircut/v_Haircut_g08_c01.avi,6,08
Haircut/v_Haircut_g08_c02.avi,6,08
Haircut/v_Haircut_g08_c03.avi,6,08
Haircut/v_Haircut_g08_c04.avi,6,08
Haircut/v_Haircut_g08_c05.avi,6,08
Haircut/v_Haircut_g08_c06.avi,6,08
Haircut/v_Haircut_g10_c01.avi,6,10
Haircut/v_Haircut_g10_c02.avi,6,10
Haircut/v_Haircut_g10_c03.avi,6,10
Haircut/v_Haircut_g10_c04.avi,6,10
Haircut/v_Haircut_g10_c05.avi,6,10
Haircut/v_Haircut_g10_c06.avi,6,10
Haircut/v_Haircut_g10_c07.avi,6,10
Haircut/v_Haircut_g11_c01.avi,6,11
Haircut/v_Haircut_g11_c02.avi,6,11
Haircut/v_Haircut_g11_c03.avi,6,11
Haircut/v_Haircut_g11_c04.avi,6,11
Haircut/v_Haircut_g11_c05.avi,6,11
Haircut/v_Haircut_g13_c01.avi,6,13
Haircut/v_Haircut_g13_c02.avi,6,13
Haircut/v_Haircut_g13_c03.avi,6,13
Haircut/v_Haircut_g13_c04.avi,6,13
Haircut/v_Haircut_g14_c01.avi,6,14
Haircut/v_Haircut_g14_c02.avi,6,14
Haircut/v_Haircut_g14_c03.avi,6,14
Haircut/v_Haircut_g14_c04.avi,6,14
Haircut/v_Haircut_g15_c01.avi,6,15
Haircut/v_Haircut_g15_c02.avi,6,15
Haircut/v_Haircut_g15_c03.avi,6,15
Haircut/v_Haircut_g15_c04.avi,6,15
Haircut/v_Haircut_g16_c01.avi,6,16
Haircut/v_Haircut_g16_c02.avi,6,16
Haircut/v_Haircut_g16_c03.avi,6,16
Haircut/v_Haircut_g16_c04.avi,6,16
Haircut/v_Haircut_g16_c05.avi,6,16
Haircut/v_Haircut_g18_c01.avi,6,18
Haircut/v_Haircut_g18_c02.avi,6,18
Haircut/v_Haircut_g18_c03.avi,6,18
Haircut/v_Haircut_g18_c04.avi,6,18
Haircut/v_Haircut_g18_c05.avi,6,18
Haircut/v_Haircut_g19_c01.avi,6,19
Haircut/v_Haircut_g19_c02.avi,6,19
Haircut/v_Haircut_g19_c03.avi,6,19
Haircut/v_Haircut_g19_c04.avi,6,19
Haircut/v_Haircut_g19_c05.avi,6,19
Haircut/v_Haircut_g19_c06.avi,6,19
Haircut/v_Haircut_g21_c01.avi,6,21
Haircut/v_Haircut_g21_c02.avi,6,21
Haircut/v_Haircut_g21_c03.avi,6,21
Haircut/v_Haircut_g21_c04.avi,6,21
Haircut/v_Haircut_g23_c01.avi,6,23
Haircut/v_Haircut_g23_c02.avi,6,23
Haircut/v_Haircut_g23_c03.avi,6,23
Haircut/v_Haircut_g23_c04.avi,6,23
Haircut/v_Haircut_g23_c05.avi,6,23
Haircut/v_Haircut_g23_c06.avi,6,23
Haircut/v_Haircut_g23_c07.avi,6,23
Haircut/v_Haircut_g25_c01.avi,6,25
Haircut/v_Haircut_g25_c02.avi,6,25
Haircut/v_Haircut_g25_c03.avi,6,25
Haircut/v_Haircut_g25_c04.avi,6,25
SalsaSpin/v_SalsaSpin_g04_c01.avi,7,04
SalsaSpin/v_SalsaSpin_g04_c02.avi,7,04
SalsaSpin/v_SalsaSpin_g04_c03.avi,7,04
SalsaSpin/v_SalsaSpin_g04_c04.avi,7,04
SalsaSpin/v_SalsaSpin_g04_c05.avi,7,04
SalsaSpin/v_SalsaSpin_g04_c06.avi,7,04
SalsaSpin/v_SalsaSpin_g05_c01.avi,7,05
SalsaSpin/v_SalsaSpin_g05_c02.avi,7,05
SalsaSpin/v_SalsaSpin_g05_c03.avi,7,05
SalsaSpin/v_SalsaSpin_g05_c04.avi,7,05
SalsaSpin/v_SalsaSpin_g05_c05.avi,7,05
SalsaSpin/v_SalsaSpin_g05_c06.avi,7,05
SalsaSpin/v_SalsaSpin_g06_c01.avi,7,06
SalsaSpin/v_SalsaSpin_g06_c02.avi,7,06
SalsaSpin/v_SalsaSpin_g06_c03.avi,7,06
SalsaSpin/v_SalsaSpin_g06_c04.avi,7,06
SalsaSpin/v_SalsaSpin_g06_c05.avi,7,06
SalsaSpin/v_SalsaSpin_g07_c01.avi,7,07
SalsaSpin/v_SalsaSpin_g07_c02.avi,7,07
SalsaSpin/v_SalsaSpin_g07_c03.avi,7,07
SalsaSpin/v_SalsaSpin_g07_c04.avi,7,07
SalsaSpin/v_SalsaSpin_g07_c05.avi,7,07
SalsaSpin/v_SalsaSpin_g07_c06.avi,7,07
SalsaSpin/v_SalsaSpin_g08_c01.avi,7,08
SalsaSpin/v_SalsaSpin_g08_c02.avi,7,08
SalsaSpin/v_SalsaSpin_g08_c03.avi,7,08
SalsaSpin/v_SalsaSpin_g08_c04.avi,7,08
SalsaSpin/v_SalsaSpin_g08_c05.avi,7,08
SalsaSpin/v_SalsaSpin_g10_c01.avi,7,10
SalsaSpin/v_SalsaSpin_g10_c02.avi,7,10
SalsaSpin/v_SalsaSpin_g10_c03.avi,7,10
SalsaSpin/v_SalsaSpin_g10_c04.avi,7,10
SalsaSpin/v_SalsaSpin_g10_c05.avi,7,10
SalsaSpin/v_SalsaSpin_g10_c06.avi,7,10
SalsaSpin/v_SalsaSpin_g11_c01.avi,7,11
SalsaSpin/v_SalsaSpin_g11_c02.avi,7,11
SalsaSpin/v_SalsaSpin_g11_c03.avi,7,11
SalsaSpin/v_SalsaSpin_g11_c04.avi,7,11
SalsaSpin/v_SalsaSpin_g11_c05.avi,7,11
SalsaSpin/v_SalsaSpin_g11_c06.avi,7,11
SalsaSpin/v_SalsaSpin_g13_c01.avi,7,13
SalsaSpin/v_SalsaSpin_g13_c02.avi,7,13
SalsaSpin/v_SalsaSpin_g13_c03.avi,7,13
SalsaSpin/v_SalsaSpin_g13_c04.avi,7,13
SalsaSpin/v_SalsaSpin_g14_c01.avi,7,14
SalsaSpin/v_SalsaSpin_g14_c02.avi,7,14
SalsaSpin/v_SalsaSpin_g14_c03.avi,7,14
SalsaSpin/v_SalsaSpin_g14_c04.avi,7,14
SalsaSpin/v_SalsaSpin_g14_c05.avi,7,14
SalsaSpin/v_SalsaSpin_g14_c06.avi,7,14
SalsaSpin/v_SalsaSpin_g15_c01.avi,7,15
SalsaSpin/v_SalsaSpin_g15_c02.avi,7,15
SalsaSpin/v_SalsaSpin_g15_c03.avi,7,15
SalsaSpin/v_SalsaSpin_g15_c04.avi,7,15
SalsaSpin/v_SalsaSpin_g15_c05.avi,7,15
SalsaSpin/v_SalsaSpin_g15_c06.avi,7,15
SalsaSpin/v_SalsaSpin_g16_c01.avi,7,16
SalsaSpin/v_SalsaSpin_g16_c02.avi,7,16
SalsaSpin/v_SalsaSpin_g16_c03.avi,7,16
SalsaSpin/v_SalsaSpin_g16_c04.avi,7,16
SalsaSpin/v_SalsaSpin_g16_c05.avi,7,16
SalsaSpin/v_SalsaSpin_g18_c01.avi,7,18
SalsaSpin/v_SalsaSpin_g18_c02.avi,7,18
SalsaSpin/v_SalsaSpin_g18_c03.avi,7,18
SalsaSpin/v_SalsaSpin_g18_c04.avi,7,18
SalsaSpin/v_SalsaSpin_g19_c01.avi,7,19
SalsaSpin/v_SalsaSpin_g19_c02.avi,7,19
SalsaSpin/v_SalsaSpin_g19_c03.avi,7,19
SalsaSpin/v_SalsaSpin_g19_c04.avi,7,19
SalsaSpin/v_SalsaSpin_g21_c01.avi,7,21
SalsaSpin/v_SalsaSpin_g21_c02.avi,7,21
SalsaSpin/v_SalsaSpin_g21_c03.avi,7,21
SalsaSpin/v_SalsaSpin_g21_c04.avi,7,21
SalsaSpin/v_SalsaSpin_g21_c05.avi,7,21
SalsaSpin/v_SalsaSpin_g23_c01.avi,7,23
SalsaSpin/v_SalsaSpin_g23_c02.avi,7,23
SalsaSpin/v_SalsaSpin_g23_c03.avi,7,23
SalsaSpin/v_SalsaSpin_g23_c04.avi,7,23
SalsaSpin/v_SalsaSpin_g25_c01.avi,7,25
SalsaSpin/v_SalsaSpin_g25_c02.avi,7,25
SalsaSpin/v_SalsaSpin_g25_c03.avi,7,25
SalsaSpin/v_SalsaSpin_g25_c04.avi,7,25
HeadMassage/v_HeadMassage_g04_c01.avi,8,04
HeadMassage/v_HeadMassage_g04_c02.avi,8,04
HeadMassage/v_HeadMassage_g04_c03.avi,8,04
HeadMassage/v_HeadMassage_g04_c04.avi,8,04
HeadMassage/v_HeadMassage_g05_c01.avi,8,05
HeadMassage/v_HeadMassage_g05_c02.avi,8,05
HeadMassage/v_HeadMassage_g05_c03.avi,8,05
HeadMassage/v_HeadMassage_g05_c04.avi,8,05
HeadMassage/v_HeadMassage_g05_c05.avi,8,05
HeadMassage/v_HeadMassage_g05_c06.avi,8,05
HeadMassage/v_HeadMassage_g06_c01.avi,8,06
HeadMassage/v_HeadMassage_g06_c02.avi,8,06
HeadMassage/v_HeadMassage_g06_c03.avi,8,06
HeadMassage/v_HeadMassage_g06_c04.avi,8,06
HeadMassage/v_HeadMassage_g06_c05.avi,8,06
HeadMassage/v_HeadMassage_g06_c06.avi,8,06
HeadMassage/v_HeadMassage_g06_c07.avi,8,06
HeadMassage/v_HeadMassage_g07_c01.avi,8,07
HeadMassage/v_HeadMassage_g07_c02.avi,8,07
HeadMassage/v_HeadMassage_g07_c03.avi,8,07
HeadMassage/v_HeadMassage_g07_c04.avi,8,07
HeadMassage/v_HeadMassage_g07_c05.avi,8,07
HeadMassage/v_HeadMassage_g08_c01.avi,8,08
HeadMassage/v_HeadMassage_g08_c02.avi,8,08
HeadMassage/v_HeadMassage_g08_c03.avi,8,08
HeadMassage/v_HeadMassage_g08_c04.avi,8,08
HeadMassage/v_HeadMassage_g08_c05.avi,8,08
HeadMassage/v_HeadMassage_g08_c06.avi,8,08
HeadMassage/v_HeadMassage_g08_c07.avi,8,08
HeadMassage/v_HeadMassage_g10_c01.avi,8,10
HeadMassage/v_HeadMassage_g10_c02.avi,8,10
HeadMassage/v_HeadMassage_g10_c03.avi,8,10
HeadMassage/v_HeadMassage_g10_c04.avi,8,10
HeadMassage/v_HeadMassage_g11_c01.avi,8,11
HeadMassage/v_HeadMassage_g11_c02.avi,8,11
HeadMassage/v_HeadMassage_g11_c03.avi,8,11
HeadMassage/v_HeadMassage_g11_c04.avi,8,11
HeadMassage/v_HeadMassage_g11_c05.avi,8,11
HeadMassage/v_HeadMassage_g11_c06.avi,8,11
HeadMassage/v_HeadMassage_g11_c07.avi,8,11
HeadMassage/v_HeadMassage_g13_c01.avi,8,13
HeadMassage/v_HeadMassage_g13_c02.avi,8,13
HeadMassage/v_HeadMassage_g13_c03.avi,8,13
HeadMassage/v_HeadMassage_g13_c04.avi,8,13
HeadMassage/v_HeadMassage_g14_c01.avi,8,14
HeadMassage/v_HeadMassage_g14_c02.avi,8,14
HeadMassage/v_HeadMassage_g14_c03.avi,8,14
HeadMassage/v_HeadMassage_g14_c04.avi,8,14
HeadMassage/v_HeadMassage_g14_c05.avi,8,14
HeadMassage/v_HeadMassage_g14_c06.avi,8,14
HeadMassage/v_HeadMassage_g14_c07.avi,8,14
HeadMassage/v_HeadMassage_g15_c01.avi,8,15
HeadMassage/v_HeadMassage_g15_c02.avi,8,15
HeadMassage/v_HeadMassage_g15_c03.avi,8,15
HeadMassage/v_HeadMassage_g15_c04.avi,8,15
HeadMassage/v_HeadMassage_g15_c05.avi,8,15
HeadMassage/v_HeadMassage_g15_c06.avi,8,15
HeadMassage/v_HeadMassage_g15_c07.avi,8,15
HeadMassage/v_HeadMassage_g16_c01.avi,8,16
HeadMassage/v_HeadMassage_g16_c02.avi,8,16
HeadMassage/v_HeadMassage_g16_c03.avi,8,16
HeadMassage/v_HeadMassage_g16_c04.avi,8,16
HeadMassage/v_HeadMassage_g18_c01.avi,8,18
HeadMassage/v_HeadMassage_g18_c02.avi,8,18
HeadMassage/v_HeadMassage_g18_c03.avi,8,18
HeadMassage/v_HeadMassage_g18_c04.avi,8,18
HeadMassage/v_HeadMassage_g18_c05.avi,8,18
HeadMassage/v_HeadMassage_g18_c06.avi,8,18
HeadMassage/v_HeadMassage_g18_c07.avi,8,18
HeadMassage/v_HeadMassage_g19_c01.avi,8,19
HeadMassage/v_HeadMassage_g19_c02.avi,8,19
HeadMassage/v_HeadMassage_g19_c03.avi,8,19
HeadMassage/v_HeadMassage_g19_c04.avi,8,19
HeadMassage/v_HeadMassage_g19_c05.avi,8,19
HeadMassage/v_HeadMassage_g21_c01.avi,8,21
HeadMassage/v_HeadMassage_g21_c02.avi,8,21
HeadMassage/v_HeadMassage_g21_c03.avi,8,21
HeadMassage/v_HeadMassage_g21_c04.avi,8,21
HeadMassage/v_HeadMassage_g21_c05.avi,8,21
HeadMassage/v_HeadMassage_g21_c06.avi,8,21
HeadMassage/v_HeadMassage_g23_c01.avi,8,23
HeadMassage/v_HeadMassage_g23_c02.avi,8,23
HeadMassage/v_HeadMassage_g23_c03.avi,8,23
HeadMassage/v_HeadMassage_g23_c04.avi,8,23
HeadMassage/v_HeadMassage_g23_c05.avi,8,23
HeadMassage/v_HeadMassage_g23_c06.avi,8,23
HeadMassage/v_HeadMassage_g23_c07.avi,8,23
HeadMassage/v_HeadMassage_g25_c01.avi,8,25
HeadMassage/v_HeadMassage_g25_c02.avi,8,25
HeadMassage/v_HeadMassage_g25_c03.avi,8,25
HeadMassage/v_HeadMassage_g25_c04.avi,8,25
HeadMassage/v_HeadMassage_g25_c05.avi,8,25
HeadMassage/v_HeadMassage_g25_c06.avi,8,25
HeadMassage/v_HeadMassage_g25_c07.avi,8,25
PlayingGuitar/v_PlayingGuitar_g04_c01.avi,9,04
PlayingGuitar/v_PlayingGuitar_g04_c02.avi,9,04
PlayingGuitar/v_PlayingGuitar_g04_c03.avi,9,04
PlayingGuitar/v_PlayingGuitar_g04_c04.avi,9,04
PlayingGuitar/v_PlayingGuitar_g04_c05.avi,9,04
PlayingGuitar/v_PlayingGuitar_g04_c06.avi,9,04
PlayingGuitar/v_PlayingGuitar_g04_c07.avi,9,04
PlayingGuitar/v_PlayingGuitar_g05_c01.avi,9,05
PlayingGuitar/v_PlayingGuitar_g05_c02.avi,9,05
PlayingGuitar/v_PlayingGuitar_g05_c03.avi,9,05
PlayingGuitar/v_PlayingGuitar_g05_c04.avi,9,05
PlayingGuitar/v_PlayingGuitar_g05_c05.avi,9,05
PlayingGuitar/v_PlayingGuitar_g06_c01.avi,9,06
PlayingGuitar/v_PlayingGuitar_g06_c02.avi,9,06
PlayingGuitar/v_PlayingGuitar_g06_c03.avi,9,06
PlayingGuitar/v_PlayingGuitar_g06_c04.avi,9,06
PlayingGuitar/v_PlayingGuitar_g06_c05.avi,9,06
PlayingGuitar/v_PlayingGuitar_g06_c06.avi,9,06
PlayingGuitar/v_PlayingGuitar_g06_c07.avi,9,06
PlayingGuitar/v_PlayingGuitar_g07_c01.avi,9,07
PlayingGuitar/v_PlayingGuitar_g07_c02.avi,9,07
PlayingGuitar/v_PlayingGuitar_g07_c03.avi,9,07
PlayingGuitar/v_PlayingGuitar_g07_c04.avi,9,07
PlayingGuitar/v_PlayingGuitar_g07_c05.avi,9,07
PlayingGuitar/v_PlayingGuitar_g07_c06.avi,9,07
PlayingGuitar/v_PlayingGuitar_g07_c07.avi,9,07
PlayingGuitar/v_PlayingGuitar_g08_c01.avi,9,08
PlayingGuitar/v_PlayingGuitar_g08_c02.avi,9,08
PlayingGuitar/v_PlayingGuitar_g08_c03.avi,9,08
PlayingGuitar/v_PlayingGuitar_g08_c04.avi,9,08
PlayingGuitar/v_PlayingGuitar_g08_c05.avi,9,08
PlayingGuitar/v_PlayingGuitar_g08_c06.avi,9,08
PlayingGuitar/v_PlayingGuitar_g08_c07.avi,9,08
PlayingGuitar/v_PlayingGuitar_g10_c01.avi,9,10
PlayingGuitar/v_PlayingGuitar_g10_c02.avi,9,10
PlayingGuitar/v_PlayingGuitar_g10_c03.avi,9,10
PlayingGuitar/v_PlayingGuitar_g10_c04.avi,9,10
PlayingGuitar/v_PlayingGuitar_g10_c05.avi,9,10
PlayingGuitar/v_PlayingGuitar_g10_c06.avi,9,10
PlayingGuitar/v_PlayingGuitar_g10_c07.avi,9,10
PlayingGuitar/v_PlayingGuitar_g11_c01.avi,9,11
PlayingGuitar/v_PlayingGuitar_g11_c02.avi,9,11
PlayingGuitar/v_PlayingGuitar_g11_c03.avi,9,11
PlayingGuitar/v_PlayingGuitar_g11_c04.avi,9,11
PlayingGuitar/v_PlayingGuitar_g11_c05.avi,9,11
PlayingGuitar/v_PlayingGuitar_g11_c06.avi,9,11
PlayingGuitar/v_PlayingGuitar_g11_c07.avi,9,11
PlayingGuitar/v_PlayingGuitar_g13_c01.avi,9,13
PlayingGuitar/v_PlayingGuitar_g13_c02.avi,9,13
PlayingGuitar/v_PlayingGuitar_g13_c03.avi,9,13
PlayingGuitar/v_PlayingGuitar_g13_c04.avi,9,13
PlayingGuitar/v_PlayingGuitar_g13_c05.avi,9,13
PlayingGuitar/v_PlayingGuitar_g13_c06.avi,9,13
PlayingGuitar/v_PlayingGuitar_g13_c07.avi,9,13
PlayingGuitar/v_PlayingGuitar_g14_c01.avi,9,14
PlayingGuitar/v_PlayingGuitar_g14_c02.avi,9,14
PlayingGuitar/v_PlayingGuitar_g14_c03.avi,9,14
PlayingGuitar/v_PlayingGuitar_g14_c04.avi,9,14
PlayingGuitar/v_PlayingGuitar_g14_c05.avi,9,14
PlayingGuitar/v_PlayingGuitar_g14_c06.avi,9,14
PlayingGuitar/v_PlayingGuitar_g14_c07.avi,9,14
PlayingGuitar/v_PlayingGuitar_g15_c01.avi,9,15
PlayingGuitar/v_PlayingGuitar_g15_c02.avi,9,15
PlayingGuitar/v_PlayingGuitar_g15_c03.avi,9,15
PlayingGuitar/v_PlayingGuitar_g15_c04.avi,9,15
PlayingGuitar/v_PlayingGuitar_g15_c05.avi,9,15
PlayingGuitar/v_PlayingGuitar_g15_c06.avi,9,15
PlayingGuitar/v_PlayingGuitar_g15_c07.avi,9,15
PlayingGuitar/v_PlayingGuitar_g16_c01.avi,9,16
PlayingGuitar/v_PlayingGuitar_g16_c02.avi,9,16
PlayingGuitar/v_PlayingGuitar_g16_c03.avi,9,16
PlayingGuitar/v_PlayingGuitar_g16_c04.avi,9,16
PlayingGuitar/v_PlayingGuitar_g16_c05.avi,9,16
PlayingGuitar/v_PlayingGuitar_g16_c06.avi,9,16
PlayingGuitar/v_PlayingGuitar_g16_c07.avi,9,16
PlayingGuitar/v_PlayingGuitar_g18_c01.avi,9,18
PlayingGuitar/v_PlayingGuitar_g18_c02.avi,9,18
PlayingGuitar/v_PlayingGuitar_g18_c03.avi,9,18
PlayingGuitar/v_PlayingGuitar_g18_c04.avi,9,18
PlayingGuitar/v_PlayingGuitar_g18_c05.avi,9,18
PlayingGuitar/v_PlayingGuitar_g18_c06.avi,9,18
PlayingGuitar/v_PlayingGuitar_g18_c07.avi,9,18
PlayingGuitar/v_PlayingGuitar_g19_c01.avi,9,19
PlayingGuitar/v_PlayingGuitar_g19_c02.avi,9,19
PlayingGuitar/v_PlayingGuitar_g19_c03.avi,9,19
PlayingGuitar/v_PlayingGuitar_g19_c04.avi,9,19
PlayingGuitar/v_PlayingGuitar_g19_c05.avi,9,19
PlayingGuitar/v_PlayingGuitar_g19_c06.avi,9,19
PlayingGuitar/v_PlayingGuitar_g19_c07.avi,9,19
PlayingGuitar/v_PlayingGuitar_g21_c01.avi,9,21
PlayingGuitar/v_PlayingGuitar_g21_c02.avi,9,21
PlayingGuitar/v_PlayingGuitar_g21_c03.avi,9,21
PlayingGuitar/v_PlayingGuitar_g21_c04.avi,9,21
PlayingGuitar/v_PlayingGuitar_g21_c05.avi,9,21
PlayingGuitar/v_PlayingGuitar_g21_c06.avi,9,21
PlayingGuitar/v_PlayingGuitar_g23_c01.avi,9,23
PlayingGuitar/v_PlayingGuitar_g23_c02.avi,9,23
PlayingGuitar/v_PlayingGuitar_g23_c03.avi,9,23
PlayingGuitar/v_PlayingGuitar_g23_c04.avi,9,23
PlayingGuitar/v_PlayingGuitar_g23_c05.avi,9,23
PlayingGuitar/v_PlayingGuitar_g23_c06.avi,9,23
PlayingGuitar/v_PlayingGuitar_g23_c07.avi,9,23
PlayingGuitar/v_PlayingGuitar_g25_c01.avi,9,25
PlayingGuitar/v_PlayingGuitar_g25_c02.avi,9,25
PlayingGuitar/v_PlayingGuitar_g25_c03.avi,9,25
PlayingGuitar/v_PlayingGuitar_g25_c04.avi,9,25
PlayingGuitar/v_PlayingGuitar_g25_c05.avi,9,25
PlayingGuitar/v_PlayingGuitar_g25_c06.avi,9,25
PlayingGuitar/v_PlayingGuitar_g25_c07.avi,9,25
PlayingViolin/v_PlayingViolin_g04_c01.avi,10,04
PlayingViolin/v_PlayingViolin_g04_c02.avi,10,04
PlayingViolin/v_PlayingViolin_g04_c03.avi,10,04
PlayingViolin/v_PlayingViolin_g04_c04.avi,10,04
PlayingViolin/v_PlayingViolin_g05_c01.avi,10,05
PlayingViolin/v_PlayingViolin_g05_c02.avi,10,05
PlayingViolin/v_PlayingViolin_g05_c03.avi,10,05
PlayingViolin/v_PlayingViolin_g05_c04.avi,10,05
PlayingViolin/v_PlayingViolin_g06_c01.avi,10,06
PlayingViolin/v_PlayingViolin_g06_c02.avi,10,06
PlayingViolin/v_PlayingViolin_g06_c03.avi,10,06
PlayingViolin/v_PlayingViolin_g06_c04.avi,10,06
PlayingViolin/v_PlayingViolin_g07_c01.avi,10,07
PlayingViolin/v_PlayingViolin_g07_c02.avi,10,07
PlayingViolin/v_PlayingViolin_g07_c03.avi,10,07
PlayingViolin/v_PlayingViolin_g07_c04.avi,10,07
PlayingViolin/v_PlayingViolin_g08_c01.avi,10,08
PlayingViolin/v_PlayingViolin_g08_c02.avi,10,08
PlayingViolin/v_PlayingViolin_g08_c03.avi,10,08
PlayingViolin/v_PlayingViolin_g08_c04.avi,10,08
PlayingViolin/v_PlayingViolin_g10_c01.avi,10,10
PlayingViolin/v_PlayingViolin_g10_c02.avi,10,10
PlayingViolin/v_PlayingViolin_g10_c03.avi,10,10
PlayingViolin/v_PlayingViolin_g10_c04.avi,10,10
PlayingViolin/v_PlayingViolin_g11_c01.avi,10,11
PlayingViolin/v_PlayingViolin_g11_c02.avi,10,11
PlayingViolin/v_PlayingViolin_g11_c03.avi,10,11
PlayingViolin/v_PlayingViolin_g11_c04.avi,10,11
PlayingViolin/v_PlayingViolin_g13_c01.avi,10,13
PlayingViolin/v_PlayingViolin_g13_c02.avi,10,13
PlayingViolin/v_PlayingViolin_g13_c03.avi,10,13
PlayingViolin/v_PlayingViolin_g13_c04.avi,10,13
PlayingViolin/v_PlayingViolin_g14_c01.avi,10,14
PlayingViolin/v_PlayingViolin_g14_c02.avi,10,14
PlayingViolin/v_PlayingViolin_g14_c03.avi,10,14
PlayingViolin/v_PlayingViolin_g14_c04.avi,10,14
PlayingViolin/v_PlayingViolin_g15_c01.avi,10,15
PlayingViolin/v_PlayingViolin_g15_c02.avi,10,15
PlayingViolin/v_PlayingViolin_g15_c03.avi,10,15
PlayingViolin/v_PlayingViolin_g15_c04.avi,10,15
PlayingViolin/v_PlayingViolin_g16_c01.avi,10,16
PlayingViolin/v_PlayingViolin_g16_c02.avi,10,16
PlayingViolin/v_PlayingViolin_g16_c03.avi,10,16
PlayingViolin/v_PlayingViolin_g16_c04.avi,10,16
PlayingViolin/v_PlayingViolin_g18_c01.avi,10,18
PlayingViolin/v_PlayingViolin_g18_c02.avi,10,18
PlayingViolin/v_PlayingViolin_g18_c03.avi,10,18
PlayingViolin/v_PlayingViolin_g18_c04.avi,10,18
PlayingViolin/v_PlayingViolin_g19_c01.avi,10,19
PlayingViolin/v_PlayingViolin_g19_c02.avi,10,19
PlayingViolin/v_PlayingViolin_g19_c03.avi,10,19
PlayingViolin/v_PlayingViolin_g19_c04.avi,10,19
PlayingViolin/v_PlayingViolin_g21_c01.avi,10,21
PlayingViolin/v_PlayingViolin_g21_c02.avi,10,21
PlayingViolin/v_PlayingViolin_g21_c03.avi,10,21
PlayingViolin/v_PlayingViolin_g21_c04.avi,10,21
PlayingViolin/v_PlayingViolin_g23_c01.avi,10,23
PlayingViolin/v_PlayingViolin_g23_c02.avi,10,23
PlayingViolin/v_PlayingViolin_g23_c03.avi,10,23
PlayingViolin/v_PlayingViolin_g23_c04.avi,10,23
PlayingViolin/v_PlayingViolin_g25_c01.avi,10,25
PlayingViolin/v_PlayingViolin_g25_c02.avi,10,25
PlayingViolin/v_PlayingViolin_g25_c03.avi,10,25
PlayingViolin/v_PlayingViolin_g25_c04.avi,10,25
PlayingTabla/v_PlayingTabla_g04_c01.avi,11,04
PlayingTabla/v_PlayingTabla_g04_c02.avi,11,04
PlayingTabla/v_PlayingTabla_g04_c03.avi,11,04
PlayingTabla/v_PlayingTabla_g04_c04.avi,11,04
PlayingTabla/v_PlayingTabla_g04_c05.avi,11,04
PlayingTabla/v_PlayingTabla_g04_c06.avi,11,04
PlayingTabla/v_PlayingTabla_g05_c01.avi,11,05
PlayingTabla/v_PlayingTabla_g05_c02.avi,11,05
PlayingTabla/v_PlayingTabla_g05_c03.avi,11,05
PlayingTabla/v_PlayingTabla_g05_c04.avi,11,05
PlayingTabla/v_PlayingTabla_g06_c01.avi,11,06
PlayingTabla/v_PlayingTabla_g06_c02.avi,11,06
PlayingTabla/v_PlayingTabla_g06_c03.avi,11,06
PlayingTabla/v_PlayingTabla_g06_c04.avi,11,06
PlayingTabla/v_PlayingTabla_g07_c01.avi,11,07
PlayingTabla/v_PlayingTabla_g07_c02.avi,11,07
PlayingTabla/v_PlayingTabla_g07_c03.avi,11,07
PlayingTabla/v_PlayingTabla_g07_c04.avi,11,07
PlayingTabla/v_PlayingTabla_g08_c01.avi,11,08
PlayingTabla/v_PlayingTabla_g08_c02.avi,11,08
PlayingTabla/v_PlayingTabla_g08_c03.avi,11,08
PlayingTabla/v_PlayingTabla_g08_c04.avi,11,08
PlayingTabla/v_PlayingTabla_g10_c01.avi,11,10
PlayingTabla/v_PlayingTabla_g10_c02.avi,11,10
PlayingTabla/v_PlayingTabla_g10_c03.avi,11,10
PlayingTabla/v_PlayingTabla_g10_c04.avi,11,10
PlayingTabla/v_PlayingTabla_g10_c05.avi,11,10
PlayingTabla/v_PlayingTabla_g11_c01.avi,11,11
PlayingTabla/v_PlayingTabla_g11_c02.avi,11,11
PlayingTabla/v_PlayingTabla_g11_c03.avi,11,11
PlayingTabla/v_PlayingTabla_g11_c04.avi,11,11
PlayingTabla/v_PlayingTabla_g13_c01.avi,11,13
PlayingTabla/v_PlayingTabla_g13_c02.avi,11,13
PlayingTabla/v_PlayingTabla_g13_c03.avi,11,13
PlayingTabla/v_PlayingTabla_g13_c04.avi,11,13
PlayingTabla/v_PlayingTabla_g13_c05.avi,11,13
PlayingTabla/v_PlayingTabla_g14_c01.avi,11,14
PlayingTabla/v_PlayingTabla_g14_c02.avi,11,14
PlayingTabla/v_PlayingTabla_g14_c03.avi,11,14
PlayingTabla/v_PlayingTabla_g14_c04.avi,11,14
PlayingTabla/v_PlayingTabla_g15_c01.avi,11,15
PlayingTabla/v_PlayingTabla_g15_c02.avi,11,15
PlayingTabla/v_PlayingTabla_g15_c03.avi,11,15
PlayingTabla/v_PlayingTabla_g15_c04.avi,11,15
PlayingTabla/v_PlayingTabla_g16_c01.avi,11,16
PlayingTabla/v_PlayingTabla_g16_c02.avi,11,16
PlayingTabla/v_PlayingTabla_g16_c03.avi,11,16
PlayingTabla/v_PlayingTabla_g16_c04.avi,11,16
PlayingTabla/v_PlayingTabla_g16_c05.avi,11,16
PlayingTabla/v_PlayingTabla_g18_c01.avi,11,18
PlayingTabla/v_PlayingTabla_g18_c02.avi,11,18
PlayingTabla/v_PlayingTabla_g18_c03.avi,11,18
PlayingTabla/v_PlayingTabla_g18_c04.avi,11,18
PlayingTabla/v_PlayingTabla_g18_c05.avi,11,18
PlayingTabla/v_PlayingTabla_g18_c06.avi,11,18
PlayingTabla/v_PlayingTabla_g19_c01.avi,11,19
PlayingTabla/v_PlayingTabla_g19_c02.avi,11,19
PlayingTabla/v_PlayingTabla_g19_c03.avi,11,19
PlayingTabla/v_PlayingTabla_g19_c04.avi,11,19
PlayingTabla/v_PlayingTabla_g21_c01.avi,11,21
PlayingTabla/v_PlayingTabla_g21_c02.avi,11,21
PlayingTabla/v_PlayingTabla_g21_c03.avi,11,21
PlayingTabla/v_PlayingTabla_g21_c04.avi,11,21
PlayingTabla/v_PlayingTabla_g23_c01.avi,11,23
PlayingTabla/v_PlayingTabla_g23_c02.avi,11,23
PlayingTabla/v_PlayingTabla_g23_c03.avi,11,23
PlayingTabla/v_PlayingTabla_g23_c04.avi,11,23
PlayingTabla/v_PlayingTabla_g25_c01.avi,11,25
PlayingTabla/v_PlayingTabla_g25_c02.avi,11,25
PlayingTabla/v_PlayingTabla_g25_c03.avi,11,25
PlayingTabla/v_PlayingTabla_g25_c04.avi,11,25
PlayingTabla/v_PlayingTabla_g25_c05.avi,11,25
Archery/v_Archery_g04_c01.avi,12,04
Archery/v_Archery_g04_c02.avi,12,04
Archery/v_Archery_g04_c03.avi,12,04
Archery/v_Archery_g04_c04.avi,12,04
Archery/v_Archery_g04_c05.avi,12,04
Archery/v_Archery_g05_c01.avi,12,05
Archery/v_Archery_g05_c02.avi,12,05
Archery/v_Archery_g05_c03.avi,12,05
Archery/v_Archery_g05_c04.avi,12,05
Archery/v_Archery_g05_c05.avi,12,05
Archery/v_Archery_g06_c01.avi,12,06
Archery/v_Archery_g06_c02.avi,12,06
Archery/v_Archery_g06_c03.avi,12,06
Archery/v_Archery_g06_c04.avi,12,06
Archery/v_Archery_g06_c05.avi,12,06
Archery/v_Archery_g06_c06.avi,12,06
Archery/v_Archery_g07_c01.avi,12,07
Archery/v_Archery_g07_c02.avi,12,07
Archery/v_Archery_g07_c03.avi,12,07
Archery/v_Archery_g07_c04.avi,12,07
Archery/v_Archery_g07_c05.avi,12,07
Archery/v_Archery_g07_c06.avi,12,07
Archery/v_Archery_g08_c01.avi,12,08
Archery/v_Archery_g08_c02.avi,12,08
Archery/v_Archery_g08_c03.avi,12,08
Archery/v_Archery_g08_c04.avi,12,08
Archery/v_Archery_g08_c05.avi,12,08
Archery/v_Archery_g10_c01.avi,12,10
Archery/v_Archery_g10_c02.avi,12,10
Archery/v_Archery_g10_c03.avi,12,10
Archery/v_Archery_g10_c04.avi,12,10
Archery/v_Archery_g10_c05.avi,12,10
Archery/v_Archery_g10_c06.avi,12,10
Archery/v_Archery_g10_c07.avi,12,10
Archery/v_Archery_g11_c01.avi,12,11
Archery/v_Archery_g11_c02.avi,12,11
Archery/v_Archery_g11_c03.avi,12,11
Archery/v_Archery_g11_c04.avi,12,11
Archery/v_Archery_g11_c05.avi,12,11
Archery/v_Archery_g11_c06.avi,12,11
Archery/v_Archery_g11_c07.avi,12,11
Archery/v_Archery_g13_c01.avi,12,13
Archery/v_Archery_g13_c02.avi,12,13
Archery/v_Archery_g13_c03.avi,12,13
Archery/v_Archery_g13_c04.avi,12,13
Archery/v_Archery_g13_c05.avi,12,13
Archery/v_Archery_g13_c06.avi,12,13
Archery/v_Archery_g13_c07.avi,12,13
Archery/v_Archery_g14_c01.avi,12,14
Archery/v_Archery_g14_c02.avi,12,14
Archery/v_Archery_g14_c03.avi,12,14
Archery/v_Archery_g14_c04.avi,12,14
Archery/v_Archery_g15_c01.avi,12,15
Archery/v_Archery_g15_c02.avi,12,15
Archery/v_Archery_g15_c03.avi,12,15
Archery/v_Archery_g15_c04.avi,12,15
Archery/v_Archery_g15_c05.avi,12,15
Archery/v_Archery_g15_c06.avi,12,15
Archery/v_Archery_g15_c07.avi,12,15
Archery/v_Archery_g16_c01.avi,12,16
Archery/v_Archery_g16_c02.avi,12,16
Archery/v_Archery_g16_c03.avi,12,16
Archery/v_Archery_g16_c04.avi,12,16
Archery/v_Archery_g16_c05.avi,12,16
Archery/v_Archery_g18_c01.avi,12,18
Archery/v_Archery_g18_c02.avi,12,18
Archery/v_Archery_g18_c03.avi,12,18
Archery/v_Archery_g18_c04.avi,12,18
Archery/v_Archery_g18_c05.avi,12,18
Archery/v_Archery_g18_c06.avi,12,18
Archery/v_Archery_g18_c07.avi,12,18
Archery/v_Archery_g19_c01.avi,12,19
Archery/v_Archery_g19_c02.avi,12,19
Archery/v_Archery_g19_c03.avi,12,19
Archery/v_Archery_g19_c04.avi,12,19
Archery/v_Archery_g21_c01.avi,12,21
Archery/v_Archery_g21_c02.avi,12,21
Archery/v_Archery_g21_c03.avi,12,21
Archery/v_Archery_g21_c04.avi,12,21
Archery/v_Archery_g23_c01.avi,12,23
Archery/v_Archery_g23_c02.avi,12,23
Archery/v_Archery_g23_c03.avi,12,23
Archery/v_Archery_g23_c04.avi,12,23
Archery/v_Archery_g23_c05.avi,12,23
Archery/v_Archery_g23_c06.avi,12,23
Archery/v_Archery_g23_c07.avi,12,23
Archery/v_Archery_g25_c01.avi,12,25
Archery/v_Archery_g25_c02.avi,12,25
Archery/v_Archery_g25_c03.avi,12,25
Archery/v_Archery_g25_c04.avi,12,25
Archery/v_Archery_g25_c05.avi,12,25
Archery/v_Archery_g25_c06.avi,12,25
Archery/v_Archery_g25_c07.avi,12,25
BaseballPitch/v_BaseballPitch_g04_c01.avi,13,04
BaseballPitch/v_BaseballPitch_g04_c02.avi,13,04
BaseballPitch/v_BaseballPitch_g04_c03.avi,13,04
BaseballPitch/v_BaseballPitch_g04_c04.avi,13,04
BaseballPitch/v_BaseballPitch_g04_c05.avi,13,04
BaseballPitch/v_BaseballPitch_g05_c01.avi,13,05
BaseballPitch/v_BaseballPitch_g05_c02.avi,13,05
BaseballPitch/v_BaseballPitch_g05_c03.avi,13,05
BaseballPitch/v_BaseballPitch_g05_c04.avi,13,05
BaseballPitch/v_BaseballPitch_g05_c05.avi,13,05
BaseballPitch/v_BaseballPitch_g05_c06.avi,13,05
BaseballPitch/v_BaseballPitch_g05_c07.avi,13,05
BaseballPitch/v_BaseballPitch_g06_c01.avi,13,06
BaseballPitch/v_BaseballPitch_g06_c02.avi,13,06
BaseballPitch/v_BaseballPitch_g06_c03.avi,13,06
BaseballPitch/v_BaseballPitch_g06_c04.avi,13,06
BaseballPitch/v_BaseballPitch_g06_c05.avi,13,06
BaseballPitch/v_BaseballPitch_g06_c06.avi,13,06
BaseballPitch/v_BaseballPitch_g06_c07.avi,13,06
BaseballPitch/v_BaseballPitch_g07_c01.avi,13,07
BaseballPitch/v_BaseballPitch_g07_c02.avi,13,07
BaseballPitch/v_BaseballPitch_g07_c03.avi,13,07
BaseballPitch/v_BaseballPitch_g07_c04.avi,13,07
BaseballPitch/v_BaseballPitch_g07_c05.avi,13,07
BaseballPitch/v_BaseballPitch_g07_c06.avi,13,07
BaseballPitch/v_BaseballPitch_g07_c07.avi,13,07
BaseballPitch/v_BaseballPitch_g08_c01.avi,13,08
BaseballPitch/v_BaseballPitch_g08_c02.avi,13,08
BaseballPitch/v_BaseballPitch_g08_c03.avi,13,08
BaseballPitch/v_BaseballPitch_g08_c04.avi,13,08
BaseballPitch/v_BaseballPitch_g08_c05.avi,13,08
BaseballPitch/v_BaseballPitch_g08_c06.avi,13,08
BaseballPitch/v_BaseballPitch_g08_c07.avi,13,08
BaseballPitch/v_BaseballPitch_g10_c01.avi,13,10
BaseballPitch/v_BaseballPitch_g10_c02.avi,13,10
BaseballPitch/v_BaseballPitch_g10_c03.avi,13,10
BaseballPitch/v_BaseballPitch_g10_c04.avi,13,10
BaseballPitch/v_BaseballPitch_g10_c05.avi,13,10
BaseballPitch/v_BaseballPitch_g11_c01.avi,13,11
BaseballPitch/v_BaseballPitch_g11_c02.avi,13,11
BaseballPitch/v_BaseballPitch_g11_c03.avi,13,11
BaseballPitch/v_BaseballPitch_g11_c04.avi,13,11
BaseballPitch/v_BaseballPitch_g11_c05.avi,13,11
BaseballPitch/v_BaseballPitch_g13_c01.avi,13,13
BaseballPitch/v_BaseballPitch_g13_c02.avi,13,13
BaseballPitch/v_BaseballPitch_g13_c03.avi,13,13
BaseballPitch/v_BaseballPitch_g13_c04.avi,13,13
BaseballPitch/v_BaseballPitch_g13_c05.avi,13,13
BaseballPitch/v_BaseballPitch_g13_c06.avi,13,13
BaseballPitch/v_BaseballPitch_g13_c07.avi,13,13
BaseballPitch/v_BaseballPitch_g14_c01.avi,13,14
BaseballPitch/v_BaseballPitch_g14_c02.avi,13,14
BaseballPitch/v_BaseballPitch_g14_c03.avi,13,14
BaseballPitch/v_BaseballPitch_g14_c04.avi,13,14
BaseballPitch/v_BaseballPitch_g15_c01.avi,13,15
BaseballPitch/v_BaseballPitch_g15_c02.avi,13,15
BaseballPitch/v_BaseballPitch_g15_c03.avi,13,15
BaseballPitch/v_BaseballPitch_g15_c04.avi,13,15
BaseballPitch/v_BaseballPitch_g15_c05.avi,13,15
BaseballPitch/v_BaseballPitch_g15_c06.avi,13,15
BaseballPitch/v_BaseballPitch_g15_c07.avi,13,15
BaseballPitch/v_BaseballPitch_g16_c01.avi,13,16
BaseballPitch/v_BaseballPitch_g16_c02.avi,13,16
BaseballPitch/v_BaseballPitch_g16_c03.avi,13,16
BaseballPitch/v_BaseballPitch_g16_c04.avi,13,16
BaseballPitch/v_BaseballPitch_g16_c05.avi,13,16
BaseballPitch/v_BaseballPitch_g16_c06.avi,13,16
BaseballPitch/v_BaseballPitch_g18_c01.avi,13,18
BaseballPitch/v_BaseballPitch_g18_c02.avi,13,18
BaseballPitch/v_BaseballPitch_g18_c03.avi,13,18
BaseballPitch/v_BaseballPitch_g18_c04.avi,13,18
BaseballPitch/v_BaseballPitch_g18_c05.avi,13,18
BaseballPitch/v_BaseballPitch_g18_c06.avi,13,18
BaseballPitch/v_BaseballPitch_g18_c07.avi,13,18
BaseballPitch/v_BaseballPitch_g19_c01.avi,13,19
BaseballPitch/v_BaseballPitch_g19_c02.avi,13,19
BaseballPitch/v_BaseballPitch_g19_c03.avi,13,19
BaseballPitch/v_BaseballPitch_g19_c04.avi,13,19
BaseballPitch/v_BaseballPitch_g19_c05.avi,13,19
BaseballPitch/v_BaseballPitch_g21_c01.avi,13,21
BaseballPitch/v_BaseballPitch_g21_c02.avi,13,21
BaseballPitch/v_BaseballPitch_g21_c03.avi,13,21
BaseballPitch/v_BaseballPitch_g21_c04.avi,13,21
BaseballPitch/v_BaseballPitch_g23_c01.avi,13,23
BaseballPitch/v_BaseballPitch_g23_c02.avi,13,23
BaseballPitch/v_BaseballPitch_g23_c03.avi,13,23
BaseballPitch/v_BaseballPitch_g23_c04.avi,13,23
BaseballPitch/v_BaseballPitch_g23_c05.avi,13,23
BaseballPitch/v_BaseballPitch_g23_c06.avi,13,23
BaseballPitch/v_BaseballPitch_g23_c07.avi,13,23
BaseballPitch/v_BaseballPitch_g25_c01.avi,13,25
BaseballPitch/v_BaseballPitch_g25_c02.avi,13,25
BaseballPitch/v_BaseballPitch_g25_c03.avi,13,25
BaseballPitch/v_BaseballPitch_g25_c04.avi,13,25
BaseballPitch/v_BaseballPitch_g25_c05.avi,13,25
BaseballPitch/v_BaseballPitch_g25_c06.avi,13,25
BaseballPitch/v_BaseballPitch_g25_c07.avi,13,25
BasketballDunk/v_BasketballDunk_g04_c01.avi,14,04
BasketballDunk/v_BasketballDunk_g04_c02.avi,14,04
BasketballDunk/v_BasketballDunk_g04_c03.avi,14,04
BasketballDunk/v_BasketballDunk_g04_c04.avi,14,04
BasketballDunk/v_BasketballDunk_g05_c01.avi,14,05
BasketballDunk/v_BasketballDunk_g05_c02.avi,14,05
BasketballDunk/v_BasketballDunk_g05_c03.avi,14,05
BasketballDunk/v_BasketballDunk_g05_c04.avi,14,05
BasketballDunk/v_BasketballDunk_g05_c05.avi,14,05
BasketballDunk/v_BasketballDunk_g05_c06.avi,14,05
BasketballDunk/v_BasketballDunk_g06_c01.avi,14,06
BasketballDunk/v_BasketballDunk_g06_c02.avi,14,06
BasketballDunk/v_BasketballDunk_g06_c03.avi,14,06
BasketballDunk/v_BasketballDunk_g06_c04.avi,14,06
BasketballDunk/v_BasketballDunk_g07_c01.avi,14,07
BasketballDunk/v_BasketballDunk_g07_c02.avi,14,07
BasketballDunk/v_BasketballDunk_g07_c03.avi,14,07
BasketballDunk/v_BasketballDunk_g07_c04.avi,14,07
BasketballDunk/v_BasketballDunk_g07_c05.avi,14,07
BasketballDunk/v_BasketballDunk_g07_c06.avi,14,07
BasketballDunk/v_BasketballDunk_g08_c01.avi,14,08
BasketballDunk/v_BasketballDunk_g08_c02.avi,14,08
BasketballDunk/v_BasketballDunk_g08_c03.avi,14,08
BasketballDunk/v_BasketballDunk_g08_c04.avi,14,08
BasketballDunk/v_BasketballDunk_g08_c05.avi,14,08
BasketballDunk/v_BasketballDunk_g10_c01.avi,14,10
BasketballDunk/v_BasketballDunk_g10_c02.avi,14,10
BasketballDunk/v_BasketballDunk_g10_c03.avi,14,10
BasketballDunk/v_BasketballDunk_g10_c04.avi,14,10
BasketballDunk/v_BasketballDunk_g10_c05.avi,14,10
BasketballDunk/v_BasketballDunk_g11_c01.avi,14,11
BasketballDunk/v_BasketballDunk_g11_c02.avi,14,11
BasketballDunk/v_BasketballDunk_g11_c03.avi,14,11
BasketballDunk/v_BasketballDunk_g11_c04.avi,14,11
BasketballDunk/v_BasketballDunk_g11_c05.avi,14,11
BasketballDunk/v_BasketballDunk_g13_c01.avi,14,13
BasketballDunk/v_BasketballDunk_g13_c02.avi,14,13
BasketballDunk/v_BasketballDunk_g13_c03.avi,14,13
BasketballDunk/v_BasketballDunk_g13_c04.avi,14,13
BasketballDunk/v_BasketballDunk_g14_c01.avi,14,14
BasketballDunk/v_BasketballDunk_g14_c02.avi,14,14
BasketballDunk/v_BasketballDunk_g14_c03.avi,14,14
BasketballDunk/v_BasketballDunk_g14_c04.avi,14,14
BasketballDunk/v_BasketballDunk_g14_c05.avi,14,14
BasketballDunk/v_BasketballDunk_g14_c06.avi,14,14
BasketballDunk/v_BasketballDunk_g14_c07.avi,14,14
BasketballDunk/v_BasketballDunk_g15_c01.avi,14,15
BasketballDunk/v_BasketballDunk_g15_c02.avi,14,15
BasketballDunk/v_BasketballDunk_g15_c03.avi,14,15
BasketballDunk/v_BasketballDunk_g15_c04.avi,14,15
BasketballDunk/v_BasketballDunk_g15_c05.avi,14,15
BasketballDunk/v_BasketballDunk_g15_c06.avi,14,15
BasketballDunk/v_BasketballDunk_g15_c07.avi,14,15
BasketballDunk/v_BasketballDunk_g16_c01.avi,14,16
BasketballDunk/v_BasketballDunk_g16_c02.avi,14,16
BasketballDunk/v_BasketballDunk_g16_c03.avi,14,16
BasketballDunk/v_BasketballDunk_g16_c04.avi,14,16
BasketballDunk/v_BasketballDunk_g16_c05.avi,14,16
BasketballDunk/v_BasketballDunk_g16_c06.avi,14,16
BasketballDunk/v_BasketballDunk_g18_c01.avi,14,18
BasketballDunk/v_BasketballDunk_g18_c02.avi,14,18
BasketballDunk/v_BasketballDunk_g18_c03.avi,14,18
BasketballDunk/v_BasketballDunk_g18_c04.avi,14,18
BasketballDunk/v_BasketballDunk_g18_c05.avi,14,18
BasketballDunk/v_BasketballDunk_g18_c06.avi,14,18
BasketballDunk/v_BasketballDunk_g19_c01.avi,14,19
BasketballDunk/v_BasketballDunk_g19_c02.avi,14,19
BasketballDunk/v_BasketballDunk_g19_c03.avi,14,19
BasketballDunk/v_BasketballDunk_g19_c04.avi,14,19
BasketballDunk/v_BasketballDunk_g21_c01.avi,14,21
BasketballDunk/v_BasketballDunk_g21_c02.avi,14,21
BasketballDunk/v_BasketballDunk_g21_c03.avi,14,21
BasketballDunk/v_BasketballDunk_g21_c04.avi,14,21
BasketballDunk/v_BasketballDunk_g23_c01.avi,14,23
BasketballDunk/v_BasketballDunk_g23_c02.avi,14,23
BasketballDunk/v_BasketballDunk_g23_c03.avi,14,23
BasketballDunk/v_BasketballDunk_g23_c04.avi,14,23
BasketballDunk/v_BasketballDunk_g23_c05.avi,14,23
BasketballDunk/v_BasketballDunk_g25_c01.avi,14,25
BasketballDunk/v_BasketballDunk_g25_c02.avi,14,25
BasketballDunk/v_BasketballDunk_g25_c03.avi,14,25
BasketballDunk/v_BasketballDunk_g25_c04.avi,14,25
